{
	"Gate Swap" : [],
	"Ref Des" : [],
	"Pin Swap" : [],
	"Component Property" : [],
	"Net Property" : [
		{
			"Name" : "N173831",
			"C_PATH" : "@\\5o_41\\.schematic1(sch_1):n173831",
			"PropName" : "MIN_NECK_WIDTH",
			"Logical" : null,
			"Physical" : "16 MIL"
		},
		{
			"Name" : "N173831",
			"C_PATH" : "@\\5o_41\\.schematic1(sch_1):n173831",
			"PropName" : "MIN_LINE_WIDTH",
			"Logical" : null,
			"Physical" : "16 MIL"
		},
		{
			"Name" : "N16543",
			"C_PATH" : "@\\5o_41\\.schematic1(sch_1):n16543",
			"PropName" : "MIN_NECK_WIDTH",
			"Logical" : null,
			"Physical" : "16 MIL"
		},
		{
			"Name" : "N16543",
			"C_PATH" : "@\\5o_41\\.schematic1(sch_1):n16543",
			"PropName" : "MIN_LINE_WIDTH",
			"Logical" : null,
			"Physical" : "16 MIL"
		},
		{
			"Name" : "N162051",
			"C_PATH" : "@\\5o_41\\.schematic1(sch_1):n162051",
			"PropName" : "MIN_NECK_WIDTH",
			"Logical" : null,
			"Physical" : "16 MIL"
		},
		{
			"Name" : "N162051",
			"C_PATH" : "@\\5o_41\\.schematic1(sch_1):n162051",
			"PropName" : "MIN_LINE_WIDTH",
			"Logical" : null,
			"Physical" : "16 MIL"
		},
		{
			"Name" : "VCC",
			"C_PATH" : "@\\5o_41\\.schematic1(sch_1):vcc",
			"PropName" : "MIN_NECK_WIDTH",
			"Logical" : null,
			"Physical" : "32 MIL"
		},
		{
			"Name" : "VCC",
			"C_PATH" : "@\\5o_41\\.schematic1(sch_1):vcc",
			"PropName" : "MIN_LINE_WIDTH",
			"Logical" : null,
			"Physical" : "32 MIL"
		},
		{
			"Name" : "N16533",
			"C_PATH" : "@\\5o_41\\.schematic1(sch_1):n16533",
			"PropName" : "MIN_NECK_WIDTH",
			"Logical" : null,
			"Physical" : "16 MIL"
		},
		{
			"Name" : "N16533",
			"C_PATH" : "@\\5o_41\\.schematic1(sch_1):n16533",
			"PropName" : "MIN_LINE_WIDTH",
			"Logical" : null,
			"Physical" : "16 MIL"
		},
		{
			"Name" : "0",
			"C_PATH" : "@\\5o_41\\.schematic1(sch_1):\\0\\",
			"PropName" : "MIN_NECK_WIDTH",
			"Logical" : null,
			"Physical" : "32 MIL"
		},
		{
			"Name" : "0",
			"C_PATH" : "@\\5o_41\\.schematic1(sch_1):\\0\\",
			"PropName" : "MIN_LINE_WIDTH",
			"Logical" : null,
			"Physical" : "32 MIL"
		},
		{
			"Name" : "N168812",
			"C_PATH" : "@\\5o_41\\.schematic1(sch_1):n168812",
			"PropName" : "MIN_NECK_WIDTH",
			"Logical" : null,
			"Physical" : "16 MIL"
		},
		{
			"Name" : "N168812",
			"C_PATH" : "@\\5o_41\\.schematic1(sch_1):n168812",
			"PropName" : "MIN_LINE_WIDTH",
			"Logical" : null,
			"Physical" : "16 MIL"
		},
		{
			"Name" : "N175692",
			"C_PATH" : "@\\5o_41\\.schematic1(sch_1):n175692",
			"PropName" : "MIN_NECK_WIDTH",
			"Logical" : null,
			"Physical" : "16 MIL"
		},
		{
			"Name" : "N175692",
			"C_PATH" : "@\\5o_41\\.schematic1(sch_1):n175692",
			"PropName" : "MIN_LINE_WIDTH",
			"Logical" : null,
			"Physical" : "16 MIL"
		},
		{
			"Name" : "N165971",
			"C_PATH" : "@\\5o_41\\.schematic1(sch_1):n165971",
			"PropName" : "MIN_NECK_WIDTH",
			"Logical" : null,
			"Physical" : "16 MIL"
		},
		{
			"Name" : "N165971",
			"C_PATH" : "@\\5o_41\\.schematic1(sch_1):n165971",
			"PropName" : "MIN_LINE_WIDTH",
			"Logical" : null,
			"Physical" : "16 MIL"
		},
		{
			"Name" : "N16433",
			"C_PATH" : "@\\5o_41\\.schematic1(sch_1):n16433",
			"PropName" : "MIN_NECK_WIDTH",
			"Logical" : null,
			"Physical" : "16 MIL"
		},
		{
			"Name" : "N16433",
			"C_PATH" : "@\\5o_41\\.schematic1(sch_1):n16433",
			"PropName" : "MIN_LINE_WIDTH",
			"Logical" : null,
			"Physical" : "16 MIL"
		},
		{
			"Name" : "VR",
			"C_PATH" : "@\\5o_41\\.schematic1(sch_1):vr",
			"PropName" : "MIN_NECK_WIDTH",
			"Logical" : null,
			"Physical" : "16 MIL"
		},
		{
			"Name" : "VR",
			"C_PATH" : "@\\5o_41\\.schematic1(sch_1):vr",
			"PropName" : "MIN_LINE_WIDTH",
			"Logical" : null,
			"Physical" : "16 MIL"
		},
		{
			"Name" : "N16685",
			"C_PATH" : "@\\5o_41\\.schematic1(sch_1):n16685",
			"PropName" : "MIN_NECK_WIDTH",
			"Logical" : null,
			"Physical" : "16 MIL"
		},
		{
			"Name" : "N16685",
			"C_PATH" : "@\\5o_41\\.schematic1(sch_1):n16685",
			"PropName" : "MIN_LINE_WIDTH",
			"Logical" : null,
			"Physical" : "16 MIL"
		},
		{
			"Name" : "N16183",
			"C_PATH" : "@\\5o_41\\.schematic1(sch_1):n16183",
			"PropName" : "MIN_NECK_WIDTH",
			"Logical" : null,
			"Physical" : "16 MIL"
		},
		{
			"Name" : "N16183",
			"C_PATH" : "@\\5o_41\\.schematic1(sch_1):n16183",
			"PropName" : "MIN_LINE_WIDTH",
			"Logical" : null,
			"Physical" : "16 MIL"
		},
		{
			"Name" : "N17059",
			"C_PATH" : "@\\5o_41\\.schematic1(sch_1):n17059",
			"PropName" : "MIN_NECK_WIDTH",
			"Logical" : null,
			"Physical" : "16 MIL"
		},
		{
			"Name" : "N17059",
			"C_PATH" : "@\\5o_41\\.schematic1(sch_1):n17059",
			"PropName" : "MIN_LINE_WIDTH",
			"Logical" : null,
			"Physical" : "16 MIL"
		},
		{
			"Name" : "N163632",
			"C_PATH" : "@\\5o_41\\.schematic1(sch_1):n163632",
			"PropName" : "MIN_NECK_WIDTH",
			"Logical" : null,
			"Physical" : "16 MIL"
		},
		{
			"Name" : "N163632",
			"C_PATH" : "@\\5o_41\\.schematic1(sch_1):n163632",
			"PropName" : "MIN_LINE_WIDTH",
			"Logical" : null,
			"Physical" : "16 MIL"
		},
		{
			"Name" : "N17049",
			"C_PATH" : "@\\5o_41\\.schematic1(sch_1):n17049",
			"PropName" : "MIN_NECK_WIDTH",
			"Logical" : null,
			"Physical" : "16 MIL"
		},
		{
			"Name" : "N17049",
			"C_PATH" : "@\\5o_41\\.schematic1(sch_1):n17049",
			"PropName" : "MIN_LINE_WIDTH",
			"Logical" : null,
			"Physical" : "16 MIL"
		},
		{
			"Name" : "N16193",
			"C_PATH" : "@\\5o_41\\.schematic1(sch_1):n16193",
			"PropName" : "MIN_NECK_WIDTH",
			"Logical" : null,
			"Physical" : "16 MIL"
		},
		{
			"Name" : "N16193",
			"C_PATH" : "@\\5o_41\\.schematic1(sch_1):n16193",
			"PropName" : "MIN_LINE_WIDTH",
			"Logical" : null,
			"Physical" : "16 MIL"
		},
		{
			"Name" : "N18762",
			"C_PATH" : "@\\5o_41\\.schematic1(sch_1):n18762",
			"PropName" : "MIN_NECK_WIDTH",
			"Logical" : null,
			"Physical" : "16 MIL"
		},
		{
			"Name" : "N18762",
			"C_PATH" : "@\\5o_41\\.schematic1(sch_1):n18762",
			"PropName" : "MIN_LINE_WIDTH",
			"Logical" : null,
			"Physical" : "16 MIL"
		},
		{
			"Name" : "N19075",
			"C_PATH" : "@\\5o_41\\.schematic1(sch_1):n19075",
			"PropName" : "MIN_NECK_WIDTH",
			"Logical" : null,
			"Physical" : "16 MIL"
		},
		{
			"Name" : "N19075",
			"C_PATH" : "@\\5o_41\\.schematic1(sch_1):n19075",
			"PropName" : "MIN_LINE_WIDTH",
			"Logical" : null,
			"Physical" : "16 MIL"
		},
		{
			"Name" : "N19183",
			"C_PATH" : "@\\5o_41\\.schematic1(sch_1):n19183",
			"PropName" : "MIN_NECK_WIDTH",
			"Logical" : null,
			"Physical" : "16 MIL"
		},
		{
			"Name" : "N19183",
			"C_PATH" : "@\\5o_41\\.schematic1(sch_1):n19183",
			"PropName" : "MIN_LINE_WIDTH",
			"Logical" : null,
			"Physical" : "16 MIL"
		},
		{
			"Name" : "N19438",
			"C_PATH" : "@\\5o_41\\.schematic1(sch_1):n19438",
			"PropName" : "MIN_NECK_WIDTH",
			"Logical" : null,
			"Physical" : "16 MIL"
		},
		{
			"Name" : "N19438",
			"C_PATH" : "@\\5o_41\\.schematic1(sch_1):n19438",
			"PropName" : "MIN_LINE_WIDTH",
			"Logical" : null,
			"Physical" : "16 MIL"
		},
		{
			"Name" : "N17531",
			"C_PATH" : "@\\5o_41\\.schematic1(sch_1):n17531",
			"PropName" : "MIN_NECK_WIDTH",
			"Logical" : null,
			"Physical" : "16 MIL"
		},
		{
			"Name" : "N17531",
			"C_PATH" : "@\\5o_41\\.schematic1(sch_1):n17531",
			"PropName" : "MIN_LINE_WIDTH",
			"Logical" : null,
			"Physical" : "16 MIL"
		},
		{
			"Name" : "N17113",
			"C_PATH" : "@\\5o_41\\.schematic1(sch_1):n17113",
			"PropName" : "MIN_NECK_WIDTH",
			"Logical" : null,
			"Physical" : "16 MIL"
		},
		{
			"Name" : "N17113",
			"C_PATH" : "@\\5o_41\\.schematic1(sch_1):n17113",
			"PropName" : "MIN_LINE_WIDTH",
			"Logical" : null,
			"Physical" : "16 MIL"
		},
		{
			"Name" : "N19539",
			"C_PATH" : "@\\5o_41\\.schematic1(sch_1):n19539",
			"PropName" : "MIN_NECK_WIDTH",
			"Logical" : null,
			"Physical" : "16 MIL"
		},
		{
			"Name" : "N19539",
			"C_PATH" : "@\\5o_41\\.schematic1(sch_1):n19539",
			"PropName" : "MIN_LINE_WIDTH",
			"Logical" : null,
			"Physical" : "16 MIL"
		},
		{
			"Name" : "N35872",
			"C_PATH" : "@\\5o_41\\.schematic1(sch_1):n35872",
			"PropName" : "MIN_NECK_WIDTH",
			"Logical" : null,
			"Physical" : "16 MIL"
		},
		{
			"Name" : "N35872",
			"C_PATH" : "@\\5o_41\\.schematic1(sch_1):n35872",
			"PropName" : "MIN_LINE_WIDTH",
			"Logical" : null,
			"Physical" : "16 MIL"
		},
		{
			"Name" : "N35876",
			"C_PATH" : "@\\5o_41\\.schematic1(sch_1):n35876",
			"PropName" : "MIN_NECK_WIDTH",
			"Logical" : null,
			"Physical" : "16 MIL"
		},
		{
			"Name" : "N35876",
			"C_PATH" : "@\\5o_41\\.schematic1(sch_1):n35876",
			"PropName" : "MIN_LINE_WIDTH",
			"Logical" : null,
			"Physical" : "16 MIL"
		}
	],
	"Pin Property" : [],
	"Component" : [
		{
			"Name" : "C19",
			"C_PATH" : "@\\5o_41\\.schematic1(sch_1):ins36389@\\5o_41\\.\\c_elect_1.normal\\(chips)",
			"Logical" : "C_ELECT_1_CAPAE660X770N_4.7U",
			"Physical" : "C_ELECT_1_CAPAE660X770N_1N"
		},
		{
			"Name" : "C20",
			"C_PATH" : "@\\5o_41\\.schematic1(sch_1):ins36409@\\5o_41\\.\\c_elect_1.normal\\(chips)",
			"Logical" : "C_ELECT_1_CAPAE660X770N_10U",
			"Physical" : "C_ELECT_1_CAPAE660X770N_1N"
		}
	],
	"Net" : [],
	"Connection" : []
}
